CSUS90431,16,B
CSUS100238,17,B
CSUS18324,12,C
CSAU29963,27,C
CSAU30311,28,C
CSUS147818,20,C
CSUS28529,13,C
CSUS7094,11,C
CSAU32597,30,C
CSUS141401,19,C
CSUS51671,15,C
CSAU7066,21,C
CSUS112067,18,A
CSUS29524,14,A
CSUS35519,65,C
CSUS36940,67,C
CSUS25844,63,C
CSUS33617,64,C
CSUS25401,62,C
CSUS36987,68,C
CSUS36640,66,A
CSUS146696,70,C
CSUS137741,69,C
CSUS8568,61,A
CSUS79442,118,C
CSUK43310,8,C
CSUS125729,120,C
CSUK22442,4,C
CSUK44858,10,C
CSUS24807,112,C
CSUS26974,113,C
CSUS35974,116,C
CSUS124160,119,C
CSUS17417,111,C
CSUS27049,114,C
CSUS70193,117,C
CSUS32670,115,C
CSUS123914,165,C
CSUS25899,160,C
CSUS25748,159,B
CSAU14032,24,C
CSUS79964,164,C
CSUS56567,163,C
CSAU9577,23,C
CSUS10496,157,C
CSUS132659,166,B
CSAU7336,22,C
CSUS33398,162,C
CSUS27841,161,C
CSUK15634,3,C
CSUS24244,158,C
CSUS10876,197,C
CSUS79493,203,C
CSAU15785,25,C
CSUS88175,204,C
CSUS25846,199,A
CSUS144659,206,C
CSUS129614,205,C
CSAU21872,26,B
CSUS70073,202,C
CSUS26598,201,C
CSUK44783,9,B
CSUK42734,7,C
CSUS24100,198,C
CSAU31583,29,C
CSUS26281,200,C
CSUS33922,241,C
CSUS77480,244,C
CSUS32209,239,C
CSCA113868,37,B
CSUS32753,240,C
CSUS11133,237,C
CSCA112308,34,C
CSUS37985,242,C
CSUS146081,246,C
CSUS39377,243,C
CSUS124403,245,C
CSAU9283,71,C
CSUS17877,238,C
CSUS29000,283,C
CSUS143405,285,C
CSUS19782,279,B
CSUS35435,284,C
CSUS25835,281,C
CSAU14855,73,C
CSUK1234,1,B
CSUS25710,280,C
CSUS146429,286,C
CSUS18236,278,C
CSAU16367,75,C
CSUS17367,277,C
CSUS26498,282,C
CSUS25718,320,C
CSUS30552,321,A
CSUS124013,324,C
CSCA113882,38,C
CSUK13183,2,C
CSUS125363,325,C
CSUS146690,326,C
CSUS25392,319,C
CSUS34544,322,C
CSUS10547,317,C
CSUS72341,323,C
CSUS24239,318,C
CSUS34282,361,C
CSUS127838,363,C
CSUS24977,359,C
CSUS25283,360,C
CSUS136592,366,C
CSUS22261,357,C
CSUK28412,6,C
CSUS130769,364,C
CSUK27680,5,B
CSUS22849,358,C
CSUS133166,365,C
CSUS65870,362,C
CSUS90329,404,C
CSUK27638,58,C
CSUK19689,56,A
CSAU31640,78,C
CSUS130364,405,A
CSAU27722,77,C
CSUS30760,399,C
CSUK20670,57,C
CSUS25811,398,C
CSUS33671,402,C
CSUS31683,400,C
CSUS67487,403,C
CSUS138185,406,C
CSUS7102,397,B
CSUS33239,401,C
CSUS29718,439,B
CSUS135827,445,C
CSUS125540,444,C
CSAU23471,76,C
CSUS76880,443,C
CSAU9505,72,C
CSUS29078,438,A
CSUS36984,441,B
CSUS138884,446,C
CSUS25822,437,C
CSUS22843,3434,C
CSUS33627,440,C
CSUS39675,442,C
CSAU32561,80,C
CSUK17550,53,C
CSUS84131,485,C
CSUS25767,483,C
CSUS83000,484,C
CSUS24021,481,C
CSUS23641,480,C
CSUS19107,479,C
CSUS24500,482,C
CSUS89399,486,C
CSUS101,477,A
CSUS17511,478,C
CSUS24781,519,C
CSAU14866,74,C
CSUK17905,55,C
CSAU31676,79,C
CSUS33618,522,C
CSUK17845,54,C
CSUK41327,59,C
CSUS1193,517,A
CSUS24786,520,C
CSAU7514,121,C
CSUS39696,524,C
CSUS25581,521,C
CSCA110190,31,A
CSUS126626,526,B
CSAU11999,124,C
CSCA113979,39,C
CSUS1829,518,B
CSUS36594,523,C
CSUS116618,525,A
CSUS115100,565,C
CSUK16658,52,C
CSUK45110,60,C
CSUS21490,558,C
CSCA110655,32,B
CSUS32332,561,C
CSUS32997,562,C
CSUS80600,564,C
CSCA112155,33,C
CSUK4012,51,C
CSUS26615,560,C
CSUS69881,563,A
CSUS24494,559,C
CSUS315,557,B
CSAU30293,128,C
CSUS135644,566,B
CSUS121220,603,C
CSCA113839,36,C
CSAU30278,127,A
CSUK26675,106,C
CSUK17358,104,C
CSUS141164,605,C
CSAU14790,126,C
CSUS26873,597,C
CSUS130139,604,C
CSUS40118,601,C
CSUK43031,110,C
CSUS61691,602,C
CSCA114713,40,C
CSUS37145,600,B
CSUS27181,598,C
CSUK42377,109,C
CSUS145205,606,B
CSAU9491,123,C
CSUS35252,599,C
CSUS26303,640,C
CSUS7638,637,B
CSUS126134,644,C
CSUS48734,643,B
CSUS33207,642,C
CSUS141032,646,C
CSUS30603,641,C
CSUS26268,639,C
CSUK42206,108,C
CSUS24472,638,C
CSUS132911,645,C
CSAU13634,125,C
CSUS139235,694,C
CSAU9210,122,C
CSUS32508,686,C
CSUS130196,692,C
CSUS86000,691,C
CSUK12619,101,C
CSUS73049,689,C
CSUS5112,3430,A
CSUS83027,690,B
CSUS25776,685,C
CSUS36414,687,C
CSUS48056,688,C
CSUS134072,693,B
CSUS139172,724,C
CSUK25499,105,C
CSUS127670,723,C
CSUS32653,719,C
CSUS36486,720,B
CSUS25263,717,C
CSUS25493,718,C
CSUK42050,107,C
CSUS24393,716,C
CSUS12856,715,C
CSUS116861,721,C
CSUS124595,722,A
CSUS140390,753,C
CSUS25762,745,C
CSAU30974,129,C
CSUS133151,751,C
CSCA113590,35,C
CSCA110274,81,B
CSUS29621,747,C
CSUK14070,102,C
CSUS145988,754,A
CSUS67292,748,C
CSUS84014,749,C
CSUS137513,752,C
CSUS124523,750,C
CSUS26054,746,C
CSUS32278,779,C
CSUS146600,784,C
CSCA113405,86,C
CSUS10015,775,C
CSUS86621,781,A
CSUS14141,776,B
CSCA118139,90,C
CSUS20672,777,C
CSUS106652,782,C
CSUS32284,780,C
CSUS25771,778,C
CSUS130823,783,C
CSUS71117,810,C
CSAU31274,130,C
CSUS36901,808,C
CSUS144518,814,C
CSUS26003,805,C
CSUS35444,807,C
CSUK16720,103,A
CSUS59183,809,C
CSUS97613,812,C
CSUS26237,806,B
CSUS84332,811,C
CSUS116780,813,C
CSUS19060,836,C
CSUS128672,844,C
CSUS31516,841,C
CSCA111834,82,C
CSUS17074,835,B
CSUS73346,842,C
CSUS25666,838,C
CSAU14840,169,C
CSUS26012,839,C
CSUS24200,837,C
CSUK13240,147,C
CSUS26025,840,C
CSUS85466,843,C
CSUS117446,871,C
CSUS25457,868,C
CSAU9123,168,C
CSUS17518,866,C
CSUS133244,873,C
CSUS24312,867,C
CSUS76829,870,C
CSUS129968,872,C
CSUS76,865,A
CSUS40433,869,C
CSUS147140,874,C
CSUS18059,896,C
CSUK25301,149,B
CSUS136220,903,C
CSUS33621,899,C
CSUS88859,902,C
CSUS33274,898,C
CSUS137534,904,C
CSUS70211,901,C
CSUK31595,152,C
CSUS29561,897,C
CSUS36649,900,C
CSUK25931,150,C
CSAU7170,167,A
CSUS12135,895,C
CSUS121238,934,C
CSUK49358,156,C
CSUK42908,155,C
CSUS13188,925,C
CSAU17141,171,C
CSUS25639,927,C
CSUK28319,151,C
CSUS25897,928,C
CSAU30890,174,C
CSUS37674,930,B
CSUS34476,929,C
CSCA113894,87,C
CSUS25620,926,C
CSCA112866,85,C
CSAU14900,170,C
CSUK39700,153,C
CSUS85457,933,C
CSUK8325,1666,B
CSUS73391,931,C
CSUS82055,932,C
CSUS26138,954,C
CSUS32891,956,C
CSUS52187,958,C
CSUS32537,955,C
CSCA114370,89,C
CSUS84689,960,C
CSUS33801,957,C
CSUS24423,952,C
CSUS139136,961,C
CSUS76817,959,C
CSUS26011,953,C
CSUS10795,973,C
CSCA112583,84,C
CSUS140714,981,B
CSUS24036,976,C
CSUS25285,977,C
CSUS19762,974,C
CSUS84602,979,C
CSUK41342,154,C
CSUS139757,980,C
CSUS20795,975,C
CSUS4425,972,A
CSUS25725,978,A
CSCA113908,88,C
CSUK15621,148,C
CSUS63221,1016,C
CSCA112278,83,C
CSUS25951,1013,C
CSUS25997,1014,C
CSUK49379,196,C
CSUS77561,1017,C
CSUS22938,3435,A
CSUS120977,1019,C
CSUS25909,1012,C
CSUS37213,1015,C
CSUS133220,1020,C
CSAU31967,175,C
CSUS119615,1018,B
CSUS140525,1021,C
CSUS66518,1038,C
CSAU21884,173,C
CSUS13393,1033,C
CSUS25315,1035,C
CSUS139382,1041,C
CSUS17574,1034,A
CSUS33910,1037,C
CSUS129152,1040,C
CSUS32678,1036,C
CSUS69926,1039,C
CSUS8715,1032,A
CSUS75722,1056,C
CSUS130673,1060,C
CSUS116771,1058,C
CSUS147329,1061,A
CSUS17565,1053,B
CSAU19622,172,C
CSUS36174,1054,C
CSUS87131,1057,C
CSUS38467,1055,C
CSUS126212,1059,C
CSUS17390,1052,C
CSUS87215,1078,C
CSUS25634,1074,C
CSCA112022,133,C
CSUS10235,1073,C
CSUS69176,1077,A
CSUS125405,1080,B
CSAU32339,176,C
CSUS121175,1079,C
CSAU9161,207,C
CSUS138509,1081,C
CSUS629,1072,C
CSAU30305,212,C
CSUS38187,1076,C
CSUS35114,1075,B
CSUS126005,1099,C
CSUS33028,1096,C
CSUS137387,1100,C
CSUS82991,1098,C
CSUK7916,189,A
CSUS39522,1097,C
CSAU9618,208,C
CSUS26484,1093,C
CSUS12203,1092,C
CSUS140603,1101,C
CSAU18746,210,C
CSUK42200,1685,C
CSUS27159,1095,C
CSUS26832,1094,C
CSUK16769,1683,B
CSUS33998,1118,C
CSUS114392,1119,C
CSUS25657,1115,C
CSUS32193,1117,C
CSUS17153,1113,B
CSUS30321,1116,C
CSUS144935,1121,C
CSUS130379,1120,C
CSUK18883,191,C
CSUS637,1112,B
CSAU30518,213,C
CSUS17571,1114,C
CSAU15647,209,C
CSUS18845,1133,A
CSUS24407,1134,C
CSUS40431,1137,C
CSUS79514,1140,C
CSAU31802,215,C
CSUK4071,188,C
CSCA112809,135,C
CSUS37880,1136,C
CSUS17839,1132,C
CSUS33196,1135,C
CSUS145349,1141,C
CSUS56546,1138,C
CSUS73313,1139,C
CSUK24782,193,C
CSUS36208,1157,C
CSUS25907,1154,C
CSUS147194,1161,C
CSAU30716,214,C
CSUS119885,1159,C
CSUS22463,1153,C
CSUS34230,1156,C
CSUS17846,1152,C
CSUS64898,1158,C
CSUS33730,1155,C
CSUS137867,1160,C
CSUK33767,195,B
CSUS52301,1176,C
CSCA113452,136,C
CSUS138104,1180,B
CSUS138128,1181,C
CSUS51350,1175,C
CSUS11769,1172,C
CSUS119297,1179,C
CSUS26944,1174,C
CSUS83690,1177,C
CSUS26940,1173,B
CSAU25415,211,C
CSUS84632,1178,C
CSUS130514,1199,C
CSUK1377,187,B
CSUK15149,190,C
CSUK25946,194,C
CSUS39116,1195,C
CSUS121250,1198,C
CSUS65345,1197,C
CSUS137750,1200,C
CSUK20124,192,C
CSUS36115,1193,C
CSCA117641,140,C
CSUS38498,1194,C
CSUS143477,1201,C
CSUK49457,235,C
CSUS3483,1192,A
CSUS49409,1196,C
CSCA116423,139,C
CSUS27882,1215,C
CSUS12233,1213,C
CSUS26143,1214,C
CSUS77612,1217,C
CSUS30807,1216,B
CSAU32390,216,C
CSUS80132,1218,C
CSCA113709,137,C
CSUS138098,1220,C
CSUS130157,1219,C
CSUS9769,1212,B
CSUS140957,1221,C
CSUS25569,1235,C
CSUS12356,1233,C
CSUS31790,1236,C
CSAU29003,255,C
CSUS137021,1240,C
CSUS18301,1234,C
CSCA112265,134,C
CSAU10140,250,C
CSUK40460,232,C
CSUS37592,1238,C
CSUS4563,1232,C
CSUS84686,1239,C
CSAU26024,254,C
CSUK42632,233,B
CSUS139718,1241,C
CSCA110134,131,A
CSUS32826,1237,C
CSUS16666,1256,B
CSUS3124,1252,A
CSUS10009,1253,B
CSUS110627,1261,B
CSUS10512,1255,B
CSAU20735,253,A
CSUS89804,1260,A
CSUS37864,1259,A
CSUS17027,1257,A
CSUS35134,1258,B
CSUK49346,234,A
CSUK11511,1681,A
CSUK9705,228,B
CSCA114059,138,B
CSAU14529,252,B
CSUS10474,1254,A
CSUS9986,1273,B
CSUS130424,1280,B
CSUK16827,229,B
CSUS118928,1279,A
CSUS4670,1272,A
CSUS10586,1274,A
CSUS29454,1277,A
CSUS112100,1278,B
CSUS24961,1275,B
CSUK49718,236,B
CSUS25536,1276,C
CSUS133139,1281,B
CSUS8067,1295,A
CSUS77417,1299,C
CSUS3488,1293,B
CSUS2735,1292,A
CSUK5958,227,B
CSUS69503,1298,B
CSUS34039,1297,A
CSUS7106,1294,B
CSUS106520,1300,A
CSUS119576,1301,B
CSUS25337,1296,B
CSUK20627,231,A
CSUS18022,1313,B
CSUS26753,1315,A
CSUS39898,1320,A
CSUS25614,1314,B
CSUS36918,1318,A
CSUS5807,1312,B
CSUS37268,1319,B
CSUS88283,1321,B
CSUS33591,3438,B
CSUS36331,1317,B
CSUS35778,1316,B
CSUS89561,1338,B
CSUS36580,1334,B
CSUS147326,1340,B
CSUS7427,1333,A
CSUS5903,1332,B
CSAU9379,248,B
CSCA110410,132,B
CSUS38225,1336,B
CSUS147752,1341,A
CSUS37556,1335,B
CSUS139730,1339,A
CSUS72146,1337,A
CSUS32369,3437,A
CSUS138212,1360,B
CSUS141584,1361,A
CSUS18061,1355,B
CSUK18885,230,A
CSUS136445,1359,B
CSUS77657,1356,B
CSUS216,1352,B
CSAU9791,249,A
CSUS90362,1358,B
CSUS81455,1357,B
CSUS10846,1354,B
CSUK15915,273,A
CSUS4441,1353,A
CSUS13262,1375,A
CSUS12904,1374,B
CSUS81473,1381,B
CSUK28304,1684,B
CSCA110699,179,A
CSUS66920,1380,A
CSUS55502,1379,A
CSUS17443,1376,B
CSUS12209,1373,A
CSUS10718,1372,B
CSUS39601,1378,B
CSUS34948,1377,A
CSUS39440,1395,C
CSUS120644,1399,B
CSUK18852,275,B
CSUS147488,1401,A
CSCA110887,182,B
CSUS141482,1400,B
CSUK12075,269,B
CSUS40986,1397,B
CSUS32422,1393,B
CSUS40711,1396,B
CSUS19954,1392,A
CSUS38150,1394,B
CSAU32114,256,A
CSUS89583,1398,B
CSUK11833,268,B
CSUS36357,1417,A
CSUS23842,1416,B
CSAU12988,251,A
CSUK15087,271,B
CSUS85220,1421,B
CSUS60725,1420,B
CSCA113230,185,B
CSUS39426,1418,A
CSUS40630,1419,B
CSCA110832,181,A
CSUS18783,1415,B
CSUS6319,1413,A
CSUS1659,1412,A
CSUS14399,1414,B
CSUS633,1432,B
CSCA110827,180,B
CSCA110137,178,A
CSUS37336,1438,A
CSUS36989,1437,B
CSUK12418,270,B
CSUS72692,1440,B
CSUK4325,267,B
CSUS21961,1435,B
CSUS2616,1433,B
CSUS6643,1434,B
CSUS65270,1439,B
CSUS85841,1441,B
CSUS36643,1436,B
CSUS15987,1453,B
CSUS32,1452,A
CSUK38897,276,B
CSUS18902,1455,B
CSCA112471,184,B
CSUS36340,1457,B
CSUS16052,1454,A
CSUS39495,1458,B
CSUS102701,1459,A
CSUS35484,1456,B
CSUS116624,1460,B
CSUS135434,1461,B
CSUS34141,1478,B
CSUS28338,1476,B
CSUS36123,1479,A
CSUK16521,274,A
CSUS67007,1480,A
CSAU8761,247,A
CSUS14452,1474,B
CSAU30236,295,B
CSUK15406,272,B
CSAU31940,296,A
CSUS75194,1481,B
CSUS12229,1473,B
CSUS33356,1477,B
CSUS93,1472,B
CSUS16549,1475,B
CSCA110009,177,B
CSUS11177,1493,B
CSUS40529,1497,B
CSUS82334,1500,B
CSUS37807,1495,B
CSUK42482,314,B
CSUS65360,1498,B
CSUS69065,1499,B
CSUS49,1492,B
CSUS123851,1501,B
CSUS37819,1496,B
CSUS37176,1494,A
CSUS32967,1516,B
CSAU7641,289,B
CSUS17418,1513,B
CSUS38413,1520,B
CSUS20830,1514,B
CSUS125180,1521,B
CSCA111250,183,A
CSUS36296,1518,B
CSUS33696,1517,B
CSUS25611,1515,B
CSUK3329,307,B
CSUS36483,1519,B
CSUS8747,1512,B
CSAU15791,293,A
CSUS32387,1536,B
CSUK34091,313,B
CSUS41025,1539,B
CSUS36266,1538,B
CSUS32514,1537,B
CSUS24389,1534,A
CSAU9357,290,A
CSUS20861,1533,B
CSUS11064,1532,B
CSUS27079,1535,B
CSUS125651,1541,B
CSUS69887,1540,B
CSUS87389,1560,B
CSUS53150,1558,B
CSUS37044,1555,A
CSUS67283,1559,B
CSUS38054,1556,B
CSUS129833,1561,A
CSUS12288,1552,A
CSUS19092,3433,B
CSUS24426,1553,B
CSUS35332,1554,B
CSUS39622,1557,A
CSUK13978,310,A
CSUS30756,1575,B
CSUS6245,1573,B
CSUS6195,1572,B
CSUS34284,1576,B
CSUS37575,1577,B
CSUS112103,1579,B
CSUS42017,1578,B
CSUS116999,1580,B
CSUS124820,1581,A
CSUS17845,1574,B
CSAU11184,292,B
CSUS1678,1593,B
CSAU16115,294,B
CSUS1105,1592,B
CSUS73658,1600,B
CSUS67502,1599,B
CSUK44675,315,B
CSUS52535,1598,B
CSUS7806,1596,B
CSUS13618,1597,B
CSUK13430,309,B
CSUS133127,1601,B
CSUK49211,316,A
CSUS3129,1594,A
CSUS5879,1595,B
CSUS53867,1616,B
CSUS35515,1615,B
CSUS106853,1617,A
CSCA115152,186,B
CSUS26629,1614,B
CSUS127700,1619,B
CSUS147344,1621,B
CSUS114611,1618,A
CSAU7010,287,B
CSCA110020,217,B
CSUS24385,1613,B
CSUS23598,1612,B
CSUS133352,1620,C
CSUS12323,1632,B
CSUS16971,1635,A
CSUS15129,1633,B
CSAU9538,291,A
CSAU7016,288,B
CSUS33877,1636,B
CSUS16378,1634,B
CSCA112452,223,B
CSUS126590,1638,B
CSUS131996,1639,B
CSUS134858,3440,B
CSUS34904,1637,B
CSUS146123,1640,A
CSUS147581,1641,B
CSUS17319,1657,B
CSAU9341,330,A
CSUS147917,1661,A
CSUS59984,1658,B
CSUS9685,1654,B
CSUS79760,1659,B
CSUK7345,308,B
CSUS17078,1656,B
CSUK16779,312,B
CSUS6660,1653,B
CSUS11095,1655,B
CSUS5925,1652,B
CSUS130334,1660,A
CSUK15293,311,A
CSUS145283,1680,A
CSAU14718,333,B
CSAU16352,940,B
CSUS12278,1672,B
CSUS9780,1671,B
CSUS16577,1673,B
CSUS124349,1679,A
CSUS112049,1678,B
CSUS37814,1676,B
CSUS24661,1674,B
CSUS25967,1675,B
CSUS58958,1677,A
CSUS3470,1686,B
CSUS86729,1692,B
CSCA110387,218,A
CSUS114335,1693,B
CSUS40683,1691,C
CSUS132908,1695,B
CSUS30233,1689,B
CSUS19938,1688,B
CSUS15761,1687,A
CSUS35208,1690,B
CSUS126137,1694,A
CSCA115238,226,A
CSCA114751,225,B
CSUS26766,1709,B
CSAU7367,327,B
CSUK17154,350,B
CSUS20490,1706,B
CSUK18886,351,B
CSUS17868,1701,B
CSUS24276,1707,A
CSUS7100,1699,B
CSUS9988,1700,B
CSUS34098,1710,B
CSUS19736,1705,B
CSUS36713,1711,B
CSUK50873,356,B
CSUK5439,348,B
CSUS81920,1712,B
CSUS118298,1713,C
CSUS26738,1708,A
CSUS4186,3429,B
CSUS130598,1714,B
CSUS23800,1720,B
CSUS8596,1719,A
CSUS2784,1717,B
CSUK29666,354,B
CSUS28300,1721,B
CSUS120389,1725,A
CSUS106874,1724,B
CSCA110804,220,B
CSUS147074,1726,B
CSUS35246,1722,B
CSUS7587,1718,A
CSUS58712,1723,B
CSUS142094,1738,B
CSUK19056,352,B
CSUS17293,1731,B
CSUS10537,3431,B
CSUS15061,1730,B
CSUK27869,353,B
CSUS77996,1737,B
CSUS77189,1736,B
CSCA113858,224,B
CSUK42131,355,B
CSUS35575,1733,B
CSUS25594,1732,B
CSUS37355,1734,B
CSUS40,1729,A
CSUS63698,1735,B
CSUS1555,1741,B
CSUS22310,1745,B
CSUK5388,347,B
CSUS28580,1747,A
CSUS37797,1749,B
CSUS23020,1746,B
CSUS2260,1742,B
CSUS56801,1750,B
CSUS11060,1743,A
CSUS36421,1748,B
CSUS14418,1744,B
CSUK12184,349,B
CSUK2294,388,B
CSUS55076,1760,B
CSUS43925,1759,B
CSUS26626,1755,B
CSUS36196,1757,B
CSUK50762,396,B
CSAU32789,336,A
CSUS36816,1758,B
CSUS86834,1761,B
CSUS4233,1754,A
CSUS27717,1756,A
CSUS114872,1762,A
CSCA110443,219,B
CSUS529,1753,B
CSUS130433,1774,B
CSUK16723,393,B
CSUK25742,394,B
CSUS35516,1770,B
CSUS17266,1767,A
CSUS17031,1766,A
CSUS126818,1773,B
CSUS66902,1772,B
CSCA112157,222,B
CSAU7618,328,B
CSUS10215,1765,B
CSUS23003,1768,B
CSUS26471,1769,B
CSUS38164,1771,A
CSUS28052,1778,A
CSUS138287,1784,B
CSUS9871,1777,B
CSUS38642,1782,B
CSUS126014,1783,B
CSUS147671,1785,B
CSUK9317,392,A
CSUS36831,1780,A
CSAU14741,334,B
CSUK563,387,B
CSUS8716,1776,B
CSUK11954,1682,B
CSUS36947,1781,B
CSUS31700,1779,B
CSUS38012,1793,A
CSAU9507,331,B
CSUS8206,1787,B
CSUS10151,1788,B
CSUS13622,1789,B
CSUS77855,1794,B
CSCA112057,221,B
CSCA114141,264,A
CSUS17425,1791,B
CSUS2132,1786,B
CSUS24052,1792,B
CSUK39976,395,A
CSUS14677,1790,B
CSCA110256,258,B
CSUS81647,1795,B
CSAU9525,332,B
CSUS24433,1799,B
CSUS31453,1800,B
CSUK4188,390,B
CSUS36481,1802,B
CSUS77729,1803,B
CSUK2753,389,B
CSUS113582,1804,B
CSUK6747,391,B
CSUS9082,1796,B
CSUS32096,1801,B
CSUS20194,1797,B
CSUS145619,1805,B
CSCA110341,259,B
CSUS20341,1798,A
CSUS38082,1810,B
CSUS8449,1808,B
CSUS148310,1815,B
CSUS8144,1806,B
CSUS118172,1814,B
CSUS67613,1813,B
CSUS39760,1812,A
CSUS8171,1807,B
CSUS38140,1811,B
CSUK36689,435,A
CSUS36120,1809,B
CSUK2387,428,B
CSUS17566,1817,B
CSUS82502,1824,B
CSUS25754,1820,B
CSUS39891,1822,B
CSUS40405,1823,B
CSUS32364,1821,B
CSUS134303,1825,B
CSUS16551,1816,B
CSUS23247,1819,B
CSUK12912,430,B
CSUS19227,1818,B
CSUS29744,1830,B
CSUS124817,1835,B
CSUS20437,1829,A
CSUS55631,1834,A
CSUS1909,1826,B
CSUS37863,1833,B
CSUK7872,1696,B
CSUS5926,1828,B
CSUK49388,436,B
CSUS37065,1832,B
CSUS34074,1831,B
CSAU30299,335,A
CSUK18824,433,B
CSAU8428,329,B
CSUK17972,432,B
CSUS5829,1827,B
CSUS17926,1838,B
CSUS37699,1841,A
CSUS1078,1836,B
CSUS38035,1842,B
CSCA110581,260,B
CSUS60860,1843,B
CSUK19141,434,A
CSUS69770,1844,B
CSUS18115,1839,B
CSUS27233,1840,B
CSUS7955,1837,B
CSUS126029,1845,B
CSCA116105,266,B
CSUK3746,429,B
CSUS36107,1851,B
CSUK251,427,B
CSUS81707,1855,B
CSUS9212,1847,B
CSUS10598,1848,B
CSUS7651,1846,B
CSUS39565,1853,B
CSUS40113,1854,B
CSUS12150,1849,B
CSUS29780,1850,B
CSUS37245,1852,B
CSUS36480,1865,B
CSUS312,1857,B
CSUS2395,1858,B
CSUS13920,1860,B
CSUS10890,1859,B
CSUS32869,1863,B
CSUS35384,1864,A
CSUK36572,1698,A
CSUS16576,1861,B
CSUS209,1856,A
CSUK14179,431,A
CSUS25379,1862,B
CSUS1267,1867,B
CSUS9623,1869,B
CSCA111538,261,B
CSUK24656,473,B
CSUS1107,1866,B
CSUS53120,1873,B
CSUS55508,1874,A
CSUS32632,1872,A
CSCA110093,257,B
CSUS24190,1871,B
CSUK7065,469,B
CSUS1635,1868,B
CSUS12398,1870,B
CSUS147431,1875,B
CSUS10407,1878,B
CSUS7950,1876,B
CSUS19758,1879,B
CSUS20186,1880,A
CSUS24559,1881,B
CSCA114853,265,B
CSUK19132,472,B
CSUS8064,1877,B
CSUS26279,1882,B
CSUS88157,1884,A
CSUS36662,1883,A
CSUS130358,1885,A
CSUS35659,1891,C
CSUK10967,470,C
CSUK16079,471,C
CSUS27014,1887,C
CSUS35399,1890,B
CSUS40469,1893,C
CSUS40607,1894,C
CSUK12497,1697,C
CSUS11140,1886,C
CSUS35243,1889,C
CSUS48833,1895,C
CSCA114065,263,C
CSUS32219,1888,C
CSUS35891,1892,C
CSUS114983,1902,C
CSCA114058,262,B
CSAU9196,370,B
CSUS56042,1900,C
CSUS138083,1904,C
CSUS147380,1905,C
CSUS4197,1898,A
CSAU9443,373,C
CSUS68432,1901,A
CSAU16028,375,C
CSUS127976,1903,B
CSUS593,1896,B
CSUS6777,1899,C
CSUS3523,1897,B
CSUS12934,1907,C
CSUS30270,1912,C
CSUS64865,1915,C
CSAU8481,368,A
CSCA113390,304,B
CSUS18884,1909,B
CSUS10527,1906,B
CSUS17624,1908,C
CSAU9337,371,B
CSUS20668,1910,C
CSUS36559,1914,C
CSUS31644,1913,A
CSCA113225,303,C
CSUS28090,1911,C
CSUS119912,1925,C
CSUS8799,1916,C
CSUS35373,1922,C
CSUS10854,1918,B
CSUS27274,1920,C
CSUS57179,1924,C
CSAU9413,372,C
CSUK29660,474,C
CSUS27903,1921,A
CSUS12696,1919,B
CSUS55895,1923,C
CSUS10296,1917,C
CSUS19283,1930,C
CSUS114464,1934,C
CSAU17051,376,A
CSUK3296,467,A
CSCA110273,298,A
CSUS12274,1926,B
CSUK50291,476,B
CSUS42008,1932,B
CSCA115403,306,B
CSUK30233,475,C
CSUS88628,1933,C
CSUS30606,1931,C
CSUS17517,1929,C
CSUS15381,1928,A
CSUK6797,468,C
CSUK636,508,B
CSUS147392,1935,C
CSUS15167,1927,B
CSUS22067,1940,C
CSUS10693,1937,C
CSUS132026,1945,C
CSUS32430,1942,A
CSUS11371,1938,A
CSUS2650,1936,A
CSUS13275,1939,B
CSCA111557,301,B
CSUS114533,1944,C
CSUS34669,1943,B
CSUS29933,1941,C
CSUS30201,1948,C
CSUS66875,1950,C
CSUS71915,1951,C
CSUS147869,1954,C
CSUS112256,1952,A
CSUS147590,1953,B
CSUS30410,1949,C
CSUS148394,1955,B
CSUS28969,1947,C
CSUS7613,1946,C
CSUS34274,1967,C
CSUS41056,1974,B
CSUS34140,1966,C
CSUS17745,1963,B
CSUS40267,1973,C
CSAU8952,369,C
CSUS892,1957,B
CSUS10998,1961,C
CSUS13247,1962,C
CSUS36479,1969,B
CSUS35826,1968,C
CSUS38274,1971,B
CSUS38683,1972,B
CSCA110226,297,C
CSUS141467,1978,C
CSAU14948,374,C
CSUS7370,1959,C
CSUK18166,514,C
CSUS29099,1965,C
CSUS47792,1976,C
CSUS58340,1977,C
CSUS36961,1970,B
CSUS1148,1958,C
CSUS611,1956,C
CSUS8610,1960,C
CSUS19177,1964,C
CSUS41735,1975,C
CSUK9443,511,C
CSUS147464,1979,C
CSUS37785,1995,C
CSAU7554,367,C
CSUS72089,1997,C
CSUK230,507,A
CSUS74027,1998,B
CSUK7238,510,C
CSUS8526,1980,C
CSUK10496,512,C
CSUS26660,1992,C
CSUS138518,2002,C
CSUK44480,516,B
CSUS17472,1989,B
CSUS12019,1985,C
CSUS24304,3436,B
CSUS8933,1981,B
CSUS17590,1990,C
CSUS29641,1993,C
CSUS99179,2000,C
CSAU14740,412,C
CSUS69134,1996,C
CSUS12893,1986,B
CSUS13617,1987,C
CSUS13746,1988,C
CSUS9687,1982,C
CSUK4429,509,C
CSUS126203,2001,B
CSUS80225,1999,C
CSUS24008,1991,C
CSUS146987,2003,C
CSUS10633,1984,B
CSUS10375,1983,C
CSUS35759,1994,C
CSUS54884,2014,C
CSUS30279,2009,B
CSUS36485,2010,C
CSUS133406,2016,C
CSAU15779,413,B
CSUS22058,2008,C
CSUS17717,2006,B
CSUS9301,2004,C
CSUS40103,2011,C
CSUS66041,2015,C
CSUS52652,2013,A
CSUS49280,2012,A
CSUS17306,2005,A
CSUS147848,2017,B
CSUS18244,2007,B
CSUK22190,515,C
CSUS17474,2023,B
CSUS37791,2029,C
CSUS4536,2019,C
CSUS10966,2022,C
CSUS10699,2021,A
CSAU8382,410,A
CSUK11828,513,B
CSUS10281,2020,C
CSUS34254,2027,B
CSUK42170,554,C
CSUS26735,2025,C
CSUS67661,2031,C
CSUS21748,2024,C
CSUS28624,2026,C
CSUS37823,2030,C
CSUS34930,2028,A
CSUS1787,2018,A
CSUK42182,555,B
CSUS36358,2041,B
CSUS37477,2042,B
CSUS58901,2043,B
CSUK897,549,C
CSUS8625,2034,B
CSUS10678,2036,B
CSUS23667,2038,C
CSUS43,2032,C
CSUS32833,2039,A
CSUS33054,2040,C
CSUS10307,2035,C
CSUS67967,2044,C
CSUS142163,2045,C
CSUS1259,2033,C
CSUS14602,2037,C
CSUS18934,2050,C
CSUS27279,2051,C
CSUS34936,2054,C
CSUS35923,2055,C
CSUS18463,2049,A
CSUK50756,556,A
CSAU7302,409,B
CSUS36136,2056,B
CSUS74675,2058,C
CSUS13644,2048,B
CSUS11495,2047,C
CSUK18566,551,C
CSUK20739,552,C
CSUS1781,2046,B
CSUS89351,2059,C
CSUS28036,2052,C
CSUS32637,2053,C
CSUS56978,2057,C
CSUS37376,2069,A
CSUS147740,2073,A
CSUS6204,2062,B
CSUK17973,550,C
CSUS37878,2070,B
CSUS18552,2066,C
CSUS29470,2067,C
CSUS69350,2071,C
CSUS15594,2064,C
CSUS1033,2060,B
CSUS17176,2065,B
CSUK272,547,B
CSAU7130,408,C
CSUS10542,2063,C
CSUK40232,553,C
CSUS76763,2072,C
CSUS31582,2068,B
CSUS1691,2061,C
CSUS27586,2081,C
CSUS35315,2084,C
CSUS17471,2079,C
CSUS39724,2085,B
CSUS30018,2082,C
CSUS34667,2083,C
CSUS57068,2087,C
CSAU31370,416,C
CSCA110310,299,C
CSUS3978,2076,B
CSUS393,2074,B
CSUS1048,2075,B
CSUS55718,2086,B
CSAU16475,414,B
CSUS9710,2078,B
CSUK798,548,C
CSUS25044,2080,B
CSUS8857,2077,B
CSUS146444,2101,B
CSUS33676,2096,C
CSUS36835,2097,B
CSUS18665,2093,C
CSCA112982,302,C
CSUS18089,2092,C
CSUS70682,2098,C
CSUS130859,2099,C
CSUS30809,2094,B
CSUS14704,2090,C
CSUS32660,2095,B
CSCA114753,305,B
CSCA110697,300,C
CSUS12324,2089,C
CSUS138233,2100,C
CSUS16111,2091,C
CSUS4088,2088,B
CSAU21524,415,B
CSUK12272,592,C
CSUS12241,3432,C
CSUS28802,2110,C
CSUS23623,2107,C
CSUS5273,2103,C
CSUK16959,594,C
CSUS3490,2102,C
CSUS17634,3449,C
CSUS12518,2105,C
CSUS27020,2109,C
CSUS30491,2111,C
CSUS36477,2113,C
CSUS33097,2112,C
CSUS135368,2115,A
CSUS11650,2104,B
CSUK15919,593,C
CSUS87917,2114,C
CSCA113863,343,B
CSUS12857,2106,C
CSUS26922,2108,B
CSUS35664,2123,C
CSUS25208,2117,C
CSUS35150,2122,C
CSUS10434,2116,A
CSUS57977,2127,C
CSCA111562,340,C
CSUK2828,591,B
CSUS37520,2125,C
CSUS146159,2129,C
CSUS25582,2118,C
CSUS25892,2119,C
CSUS37499,2124,C
CSUS33168,2120,C
CSUS55931,2126,C
CSUS33935,2121,B
CSUS136268,2128,B
CSUS17673,2133,B
CSUS31938,2138,C
CSUK17051,595,C
CSUS119567,2143,B
CSUS37204,2140,B
CSUS17126,2131,C
CSUS17207,2132,C
CSUS28982,2136,A
CSUS1297,2130,B
CSUS17870,2134,B
CSUS35958,2139,B
CSUS88787,2142,C
CSUS20634,2135,C
CSUS29086,2137,C
CSUS76055,2141,C
CSUS80150,2156,C
CSCA115175,345,C
CSUS417,2146,B
CSUS129,2145,B
CSUS16518,2150,B
CSUS83888,2157,C
CSUS8626,2148,C
CSUS35752,2152,C
CSCA110002,337,C
CSUS36045,2153,C
CSUS11198,2149,B
CSUS37789,2154,C
CSUS75485,2155,C
CSAU7069,407,B
CSUK26000,596,C
CSUK2515,590,C
CSUS122,2144,C
CSUS1278,2147,C
CSUS17693,2151,C
CSUS7843,2160,B
CSUS36589,2167,C
CSUS39692,2169,C
CSUS30056,2164,C
CSUS77897,2170,C
CSUS41,2158,C
CSUS37098,2168,A
CSUS34213,2165,B
CSUS36138,2166,B
CSUS120743,2171,C
CSUS12011,2162,C
CSUS19685,2163,B
CSUS7103,2159,C
CSUS11528,2161,C
CSUS19739,2179,C
CSUS146531,2184,B
CSUS40444,2180,C
CSUS147359,2185,C
CSUK2455,589,A
CSUS19726,2178,B
CSUS116888,2182,B
CSUS112367,2181,C
CSUS18975,2177,C
CSUS10140,2175,C
CSCA113187,341,C
CSUK2014,588,B
CSUS140996,2183,C
CSCA117971,346,C
CSUS1314,2173,C
CSUS903,2172,A
CSAU13050,411,C
CSAU14141,450,C
CSUK1845,587,B
CSUS6179,2174,B
CSUS10817,2176,B
CSUS98732,2196,C
CSUS132923,2199,C
CSUS18192,2189,C
CSUS17350,2187,C
CSUS121637,2198,C
CSUS30098,2191,C
CSUK16529,632,B
CSUK3983,628,B
CSUS33690,2192,C
CSUS18108,2188,C
CSUS69602,2195,C
CSUS179,2186,C
CSUS27441,2190,C
CSUS39709,2193,C
CSUS118628,2197,C
CSUK16505,631,C
CSUS64775,2194,C
CSUS77,2200,C
CSUS1801,2202,B
CSUS13705,2205,C
CSUS24024,2209,C
CSUS22068,2208,C
CSUS25422,2211,C
CSUS24711,2210,B
CSUS11885,2204,B
CSUS66419,2213,C
CSUS280,2201,C
CSUS17738,2206,C
CSUK172,1702,B
CSCA113394,342,C
CSUS39400,2212,C
CSUS21021,2207,C
CSUS5987,2203,C
CSUS125714,2226,B
CSUS56051,2222,C
CSUS89090,2223,B
CSAU14664,453,C
CSUS1905,2215,B
CSUS7616,2216,C
CSUS483,2214,A
CSUS37297,2220,A
CSAU31838,456,B
CSAU9189,448,B
CSUS11156,2217,C
CSUS51665,2221,B
CSUS32424,2219,C
CSUS140666,2227,C
CSUS23936,2218,B
CSUS113618,2224,C
CSUK2667,627,C
CSUS119624,2225,C
CSUS12308,2230,B
CSUS12468,2232,C
CSAU10259,449,A
CSUS36135,2238,B
CSUS52505,2239,B
CSAU14260,452,C
CSAU20591,454,B
CSUS12864,2233,C
CSUS12319,2231,C
CSUS10595,2229,B
CSUS18349,2235,C
CSCA114289,344,B
CSUS11220,3446,C
CSUS145307,2241,C
CSCA110325,339,C
CSUS35073,2237,B
CSUS9563,2228,C
CSUS13449,2234,C
CSUS75530,2240,C
CSAU21470,455,C
CSUS19552,2236,C
CSAU8585,447,A
CSAU14242,451,B
CSUS1014,2243,C
CSCA110151,338,C
CSUS26258,2249,C
CSUK4922,629,B
CSUS18957,2246,C
CSUS37739,2251,C
CSUK7575,630,C
CSUS7342,2244,C
CSUS20374,2247,C
CSUS25236,2248,C
CSUS16669,2245,C
CSUS130556,2255,C
CSUS244,2242,B
CSUS127814,2254,C
CSUS34989,2250,B
CSUS120629,2253,C
CSUK19543,635,C
CSUS71057,2252,C
CSUS133391,2268,C
CSUK16588,633,C
CSUS11170,2257,C
CSUS40417,2261,C
CSUS48608,2262,C
CSUS59714,2263,C
CSUS74840,2265,C
CSCA110617,379,C
CSUS118388,2266,C
CSUK17276,1703,B
CSUK32942,636,B
CSUS132863,2267,C
CSUS30926,2259,C
CSUS70844,2264,C
CSUS141488,2269,B
CSUS10930,2256,B
CSUS34051,2260,C
CSUS16363,2258,C
CSUS21947,2275,B
CSUK17168,634,C
CSUK22178,673,C
CSUS17536,2273,B
CSUS23889,2276,C
CSUS119603,2283,A
CSUS118835,2282,B
CSUS115316,2281,C
CSUS110750,2280,C
CSUS17937,2274,C
CSUS13368,2272,C
CSUS24098,2277,C
CSUS8107,2270,B
CSUS13273,2271,C
CSUS40593,2279,C
CSUS29874,2278,C
CSUS56612,2297,C
CSUS39284,2295,B
CSAU10676,493,B
CSUK1092,667,B
CSUS17304,2289,C
CSCA110176,377,B
CSUS385,2284,C
CSCA110870,383,C
CSCA112412,384,C
CSUS6239,2286,C
CSUS19769,2290,C
CSUS36775,2294,B
CSUS13740,2288,C
CSUS45257,2296,C
CSUS25654,2292,B
CSUS20888,2291,B
CSUS8082,2287,C
CSCA110772,381,B
CSUS2574,2285,C
CSUK20815,672,C
CSUS33228,2293,C
CSUK1279,668,C
CSUK41246,674,C
CSUS27125,2303,C
CSUS1140,2298,C
CSUS7854,2299,C
CSUS17739,2301,C
CSUS19666,3450,C
CSUS20404,2302,B
CSUS37603,2307,C
CSUS67547,2310,C
CSUS76013,2311,C
CSUS10975,2300,B
CSUS29490,2305,A
CSUS61025,2309,B
CSUK18213,1704,B
CSUS39379,2308,B
CSUS36134,2306,C
CSCA115021,386,C
CSUS28008,2304,C
CSUS21,2312,C
CSUS53705,2323,C
CSUK5029,670,C
CSUS106616,2324,C
CSUS140138,2325,C
CSUK3191,669,C
CSUS3022,2315,C
CSUK120,665,B
CSUS33038,2319,C
CSUS18137,2317,C
CSUS36569,2321,C
CSUS428,2313,B
CSUS1769,2314,B
CSUS38429,2322,C
CSUS36542,2320,B
CSUS16129,2316,B
CSUS25344,2318,C
CSUS77597,2337,C
CSUS88868,2338,C
CSCA113079,385,B
CSUS20498,2329,C
CSUS360,2327,C
CSUS25165,2330,A
CSUS31090,2332,A
CSUS37524,2335,A
CSUS61115,2336,B
CSUS297,2326,B
CSUS33670,2333,C
CSUS36567,2334,C
CSUS37316,3452,B
CSUS29852,2331,C
CSUS126449,2339,C
CSUS5472,2328,C
CSUS16816,2347,C
CSUS55871,2351,C
CSUS14848,2346,C
CSUS497,2340,C
CSUS1339,2341,B
CSUS10494,2344,C
CSUS36166,2349,C
CSUS38139,2350,C
CSCA110326,378,C
CSUS147332,2352,A
CSUS14239,2345,A
CSUS18526,2348,A
CSUS147428,2353,B
CSAU7329,487,C
CSUK738,666,C
CSUS9913,2343,C
CSUK17379,671,C
CSUS7663,2342,C
CSCA110821,382,C
CSUS30361,2363,C
CSUS31035,2364,C
CSUS10489,2357,C
CSUS10993,2358,C
CSUK13045,681,B
CSUK2052,675,C
CSUS1893,2354,B
CSUS41070,2365,B
CSUS11142,2360,C
CSUS27026,2362,C
CSUS26260,2361,C
CSUS41639,2366,C
CSUS5552,2355,A
CSAU9786,492,A
CSUS130211,2367,A
CSUS5900,2356,A
CSUS11139,2359,A
CSUS37031,2378,C
CSUK5010,678,C
CSUS17316,2374,B
CSUS4202,2369,C
CSUS19776,2375,C
CSUS5953,2370,C
CSUS11329,3447,C
CSUS10421,2372,C
CSUS30423,2377,C
CSUS41252,2380,C
CSCA110696,380,C
CSUS223,2368,C
CSUS9616,2371,B
CSUS147389,2381,C
CSUS13592,2373,C
CSUS25129,2376,C
CSUS39501,2379,C
CSUS36972,2391,C
CSUS17058,2384,A
CSUS38147,2393,A
CSUS17213,2385,A
CSUS20964,2389,A
CSUS145004,2396,C
CSUS37843,2392,C
CSAU9168,491,B
CSUS586,2382,C
CSUS85502,2395,B
CSUS48689,2394,C
CSUS11750,2383,C
CSUS17899,2388,C
CSUS17659,2387,C
CSUS17537,2386,C
CSUS27702,2390,C
CSUS147578,2397,C
CSUK4091,677,B
CSUS37186,2409,B
CSCA114231,425,C
CSUS83336,2411,C
CSUS1334,2400,C
CSUK7452,680,C
CSUS18164,2407,C
CSUS4368,2401,B
CSAU14490,494,C
CSUS37693,2410,C
CSUK2343,676,C
CSUS3200,3445,C
CSUS6663,2404,B
CSUS13156,2406,C
CSUS8015,2405,C
CSUS105,2398,C
CSUS4975,2402,C
CSUS1238,2399,C
CSUS5486,2403,B
CSUS36475,2408,C
CSUS10148,2413,C
CSUS39975,2418,C
CSUS36556,2417,C
CSUS77594,2420,C
CSUS78800,2421,C
CSUS84341,2422,C
CSUS500,2412,C
CSAU36188,496,C
CSAU8950,490,A
CSCA110365,420,A
CSUK45272,684,A
CSUS65051,2419,B
CSUS26150,2415,B
CSUS13887,2414,B
CSUS147527,2424,B
CSUS110927,2423,C
CSCA110186,418,C
CSUS32989,2416,C
CSUK17710,683,B
CSUS87110,2435,C
CSUS6432,2426,C
CSUS23995,2430,C
CSUS69518,2434,C
CSAU7457,488,C
CSUS112064,2436,C
CSUS15888,2429,C
CSUS10607,2428,A
CSUS3689,2425,A
CSUS140735,2437,C
CSUS37779,2433,C
CSUS7882,2427,C
CSUS36131,2432,C
CSUS24600,2431,C
CSUK15279,682,C
CSUS26345,2443,C
CSUS19459,2441,C
CSUS178,2438,B
CSUS772,2439,C
CSUS59573,2448,B
CSUS33973,2445,B
CSUS12881,2440,C
CSUS21756,2442,C
CSUS32677,2444,C
CSUS70112,2449,B
CSUS99545,2450,C
CSUS35913,2447,C
CSUK6270,679,A
CSUS35571,2446,A
CSUS76583,2463,B
CSUS36185,2457,B
CSUS1206,2451,B
CSAU25406,495,C
CSUS13184,2455,C
CSUS17102,2456,C
CSAU8409,489,C
CSUK7277,709,C
CSUS54845,2462,C
CSUK10357,710,C
CSUS36724,2458,C
CSUS39390,2461,C
CSUS37321,2459,B
CSUS37666,2460,C
CSCA110789,422,C
CSUS9288,2454,B
CSUS1294,2452,C
CSUS8798,2453,C
CSUS9077,2466,B
CSUS11588,2468,C
CSUS18560,2470,C
CSUS41050,2473,C
CSUS59711,2474,C
CSCA115082,426,C
CSUS40965,2472,C
CSAU7024,527,A
CSAU8670,528,A
CSUS5346,2465,B
CSAU11040,532,B
CSUS16851,2469,C
CSUS10404,2467,C
CSUS1188,2464,B
CSUS18796,2471,C
CSUS83861,2475,C
CSUS130136,2476,C
CSUS40985,2485,C
CSUS1986,2478,C
CSAU9261,529,C
CSUS35755,2482,C
CSUK7247,708,C
CSUS39554,2484,C
CSUS10,2477,B
CSUS13481,2480,C
CSUS38446,2483,C
CSUS116684,2490,C
CSUS90077,2489,C
CSUS11521,2479,C
CSUS26667,2481,C
CSUS44168,2486,C
CSUS64541,2487,C
CSUS86429,2488,C
CSCA110620,421,C
CSUS6665,2494,A
CSUS79424,2499,B
CSUS129506,2502,B
CSUS23408,2496,B
CSUS24458,2497,C
CSUS137585,2503,C
CSUK17944,713,C
CSUS381,2492,C
CSUS116810,2501,B
CSCA112297,423,C
CSUS89180,2500,C
CSUK94,705,C
CSUS146978,2504,C
CSUK14858,711,C
CSUK15624,712,C
CSUS283,2491,C
CSUS1845,2493,C
CSUS17440,2495,C
CSUS25884,2498,C
CSUS26019,2509,C
CSUS29638,2510,C
CSUS33258,2511,C
CSUS33271,2512,C
CSUS39391,2516,C
CSUS37090,2515,C
CSUS56816,2517,C
CSUS59066,2518,C
CSCA110016,417,C
CSCA114142,424,C
CSUS35971,2514,C
CSUS4267,2505,A
CSAU16274,535,A
CSUS25704,2508,B
CSUS12534,2507,B
CSAU15386,534,C
CSUS35272,2513,C
CSUS11581,2506,C
CSUS36754,2529,C
CSUS19252,2525,C
CSCA110322,419,C
CSUS138089,2533,C
CSUS120713,2532,B
CSUS12256,2522,C
CSUK5070,706,B
CSUS525,2519,C
CSUS1075,2520,C
CSUS1132,2521,B
CSUS90533,2530,B
CSUS12715,2523,C
CSUS35622,2528,C
CSUS17488,2524,B
CSUS90551,2531,C
CSUS25271,2526,C
CSUS26166,2527,C
CSUS85298,2545,C
CSAU9490,530,C
CSUS6194,2535,C
CSUK5952,707,C
CSCA117944,466,C
CSUK21364,714,C
CSUS22365,2541,C
CSUS81032,2544,C
CSUS133241,2547,C
CSUK11498,741,C
CSUK6195,739,C
CSUK7032,740,C
CSCA110807,461,C
CSUS19870,2540,C
CSUS1401,2534,C
CSUK13440,742,C
CSUS125318,2546,C
CSUS9253,2536,B
CSUS11107,2537,C
CSUS11819,2538,C
CSUS14321,2539,C
CSUS40322,2542,C
CSUS75539,2543,C
CSUS57293,2559,C
CSAU19841,536,B
CSUS3031,2548,B
CSUS38825,2558,C
CSUS16210,2556,C
CSCA113592,464,C
CSUK11876,1715,C
CSUS6923,2550,C
CSUS8209,2551,B
CSAU14814,533,C
CSUK3972,738,C
CSAU10870,531,C
CSUS64685,2560,C
CSCA110218,459,C
CSUK3230,736,C
CSUS24737,2557,C
CSUS5763,2549,C
CSUS11586,2552,C
CSUS11804,2553,B
CSUS11836,2554,C
CSUS145805,2561,C
CSUS14304,2555,C
CSUS20828,2568,C
CSUS21506,2569,C
CSUS27216,2571,C
CSUS35449,2572,C
CSUS121076,2575,C
CSUS12853,2564,C
CSAU11258,573,C
CSUS10495,2563,B
CSUK3304,737,B
CSUS36547,2573,B
CSUS25554,2570,B
CSUS89689,2574,B
CSUS4134,2562,C
CSUS15257,2567,B
CSUS13245,2565,C
CSUS13755,2566,C
CSUS131204,2590,C
CSUS2672,2577,C
CSUS35875,2584,C
CSUS28912,2583,C
CSCA114211,465,C
CSAU16244,574,C
CSUS58499,2588,C
CSUK19669,744,C
CSUS119612,2589,C
CSCA110007,457,C
CSUS36969,2587,C
CSUS17085,2581,C
CSUS402,2576,B
CSUS4237,2578,C
CSUS18176,2582,B
CSUS6886,2579,C
CSUS8427,2580,C
CSUS36800,2586,C
CSUS36684,2585,C
CSUS57773,2600,C
CSUS65702,2602,C
CSUS106799,2604,C
CSUS72080,2603,C
CSUS24489,2597,C
CSAU9085,568,C
CSCA113228,462,C
CSCA113360,463,C
CSUS10602,2594,B
CSUS128393,2605,A
CSUS14927,2595,A
CSUS15,2591,A
CSUS40719,2599,B
CSUS17188,2596,B
CSUS6401,2593,B
CSUS25343,2598,C
CSUS63689,2601,C
CSUS2069,2592,B
CSUS35431,2617,C
CSUS22853,2610,C
CSAU10554,571,C
CSUS34268,2616,C
CSUS61289,2619,C
CSUK17110,743,C
CSCA110487,460,C
CSUS30902,2613,C
CSUS37191,2618,C
CSUK2785,735,C
CSUS12318,2608,B
CSCA110189,458,B
CSUK11067,767,C
CSUS32745,2615,C
CSUS10707,2606,C
CSUS12272,2607,C
CSUS128090,2620,B
CSUS15415,2609,C
CSUS28732,2611,C
CSUS30212,2612,C
CSUS32018,2614,C
CSUS76196,2630,C
CSUS109730,2631,C
CSCA110733,500,C
CSUS25463,2627,C
CSUK14107,768,A
CSUS4929,2622,A
CSUS12191,2624,B
CSUS112334,2632,B
CSUS236,2621,C
CSUS114140,2633,C
CSUS132941,2635,C
CSUK41426,774,B
CSUS126896,2634,C
CSUK17511,770,C
CSUS20674,2626,C
CSUS39966,2629,C
CSUS36005,2628,C
CSUK22082,772,B
CSUS18675,2625,B
CSUS5467,2623,C
CSUK16783,769,C
CSUK1841,766,C
CSUS110312,2650,C
CSUS434,2636,B
CSUS894,2637,B
CSUS3825,2638,C
CSUS28795,2643,C
CSUS7581,2639,B
CSUS38373,2646,B
CSUS20511,2640,B
CSUS22206,2641,C
CSUS51833,2647,C
CSUS37783,2644,C
CSUS26109,2642,C
CSUS37790,2645,C
CSUS56048,2648,C
CSUS57161,2649,C
CSUS80315,2661,C
CSCA110105,497,C
CSCA113493,503,B
CSUS10470,2655,B
CSUS35700,2657,B
CSUS147929,2665,B
CSUS8579,2654,B
CSUS130604,2664,B
CSUS38996,2658,C
CSUS5875,2651,B
CSUS7621,2652,B
CSUS39800,2659,C
CSUS114131,2663,C
CSUS65960,2660,B
CSUS112343,2662,C
CSUS8117,2653,C
CSUS19760,2656,B
CSUS39363,2677,C
CSUS26305,2673,C
CSCA112422,502,C
CSUS29154,2674,C
CSUS11639,2669,B
CSUS119588,2680,C
CSUS2036,2667,C
CSUS48761,2679,C
CSUS38767,2676,B
CSCA113569,504,B
CSAU9355,569,C
CSUS10183,2668,C
CSUK213,765,C
CSUK19014,771,C
CSUS1688,2666,B
CSUS40367,2678,B
CSUS13606,2670,B
CSUS37746,2675,C
CSUS16225,2671,B
CSUS23168,2672,C
CSUS118268,2695,C
CSUS31203,2686,C
CSUS58811,2690,C
CSUS65690,2693,C
CSUS62228,2691,C
CSAU11131,572,C
CSUS18112,2682,C
CSUS26347,2684,B
CSUS24167,2683,C
CSUS85442,2694,A
CSUS591,2681,A
CSUS65465,2692,A
CSUS29397,2685,B
CSUS34035,2687,C
CSUS40223,2689,C
CSUS34505,2688,C
CSUK38330,773,C
CSUS24135,2708,B
CSUS18454,2703,C
CSUK40262,804,B
CSUS74045,2709,C
CSUS624,2698,B
CSUK9204,799,C
CSUS7636,2700,B
CSUS8185,2701,C
CSAU8042,567,C
CSUS331,2697,A
CSUS118988,3455,A
CSAU30653,576,A
CSUS90503,2710,B
CSUS15653,2702,B
CSUS22918,2707,B
CSUS20678,2705,C
CSUS18531,2704,C
CSUS299,2696,C
CSUK38021,803,B
CSUS22646,2706,C
CSUS3688,2699,C
CSUS15911,2715,C
CSUS24760,2719,C
CSUS31973,2721,C
CSUS54983,2723,B
CSUK1849,795,B
CSUK11943,801,C
CSUS20289,2717,C
CSUS22061,2718,B
CSUS6637,2712,A
CSAU10542,570,A
CSUK7161,798,B
CSUS37781,2722,B
CSUK6030,797,B
CSUS65981,2724,C
CSUS147524,2725,B
CSUS17335,2716,B
CSUK4758,796,B
CSUS14347,2713,B
CSUS5065,2711,C
CSUK14062,802,C
CSUS15564,2714,B
CSUS30759,2720,C
CSUS147797,2740,B
CSUS8258,2730,A
CSUS110498,2738,A
CSAU23705,575,B
CSUS14043,2731,B
CSUS26737,2734,B
CSCA114333,505,C
CSUS414,2726,C
CSUS38192,2736,C
CSUS121556,2739,B
CSUK10229,800,C
CSUS5928,2729,C
CSUS18379,2732,C
CSUS20903,2733,C
CSUS1754,2727,A
CSUS30198,2735,A
CSUS68858,2737,A
CSUS3115,2728,B
CSAU13247,611,B
CSUS3145,2742,B
CSUS33630,2753,C
CSAU31976,615,C
CSUS6408,2745,B
CSAU14955,613,B
CSCA110404,498,B
CSAU12008,610,C
CSUS39439,2754,C
CSUS13227,2748,B
CSUK3328,827,B
CSUS8606,2747,B
CSUS14148,2749,C
CSUS31477,2752,C
CSUS129443,2755,C
CSUK5441,829,C
CSUS23648,2751,B
CSUS3775,2744,B
CSUS3149,2743,B
CSAU8165,608,A
CSUS2195,2741,A
CSUS17269,2750,B
CSUS8130,2746,B
CSUK44513,834,B
CSUK5838,830,C
CSUS57710,2770,C
CSUS6710,2757,C
CSUS11137,2760,B
CSUK16400,1716,C
CSUS2321,2756,C
CSUS10889,2759,B
CSUS16747,2764,B
CSUS17805,2765,C
CSUS12966,2761,B
CSUS17866,2766,C
CSUS17910,2767,B
CSUS37135,2769,B
CSAU32594,616,C
CSCA112087,501,B
CSUS16042,2763,B
CSUS15358,2762,A
CSUS7198,2758,A
CSUS21833,2768,B
CSUS32840,2782,B
CSUK9746,831,B
CSUK10921,832,C
CSUS1514,2773,B
CSUK13595,833,C
CSUS24077,2780,B
CSUS10973,2776,B
CSUK4680,828,B
CSCA116201,506,B
CSUS27892,2781,C
CSUS17586,2779,C
CSUS8069,2775,C
CSCA110677,499,C
CSUK2410,826,B
CSUS118,2771,B
CSUS479,2772,C
CSUS7615,2774,B
CSUS41855,2783,B
CSUS124652,2784,C
CSUS135932,2785,C
CSUS17053,2778,A
CSAU19703,614,A
CSUS12756,2777,B
CSUS37613,2796,B
CSUK265,825,C
CSUS35812,2794,B
CSUS21456,2792,C
CSUS14659,2790,C
CSUS35847,2795,B
CSUK9328,860,B
CSUS5008,2786,C
CSUS20011,2791,B
CSUS7542,2787,C
CSUS10035,2789,C
CSUS117374,2799,B
CSUS134258,2800,B
CSUS21987,2793,B
CSUS9965,2788,B
CSUS40186,2797,A
CSUS112541,2798,A
CSUK1233,858,B
CSUS32057,2812,B
CSUS36114,2815,B
CSAU10670,609,C
CSUS8021,2802,C
CSAU14438,612,B
CSUS11096,2804,B
CSUS18277,2807,B
CSAU7070,607,B
CSUS8638,2803,B
CSUS11914,2805,C
CSUS35407,2813,C
CSUS19046,2808,C
CSUS19863,2809,B
CSUS23696,2810,B
CSAU15644,655,A
CSUS27972,2811,A
CSUK644,855,B
CSAU14853,654,B
CSCA116234,546,B
CSUS12676,2806,C
CSUS35547,2814,C
CSAU7450,647,C
CSUS1648,2801,C
CSUS22102,2824,C
CSUS5175,2817,B
CSUS26053,2827,B
CSCA114103,543,C
CSUS1295,2816,C
CSUS134231,2830,B
CSUK24518,864,C
CSUS8331,2818,B
CSUS13116,2821,B
CSUS25782,2826,B
CSAU14230,652,B
CSUS21755,2823,A
CSUS40992,2829,B
CSAU8325,649,B
CSUK10244,861,B
CSUS36027,2828,C
CSUS10347,2820,C
CSAU14355,653,C
CSUK7078,1727,C
CSCA110160,537,C
CSUS10124,2819,B
CSUK4746,859,B
CSUK652,856,B
CSUS23335,2825,B
CSUS18215,2822,C
CSUS8057,2835,C
CSUS15575,2839,B
CSUS682,2831,C
CSUS4622,2833,C
CSUS2105,2832,C
CSUK17924,863,C
CSUS11023,2837,B
CSUS38034,2842,B
CSUS7224,2834,B
CSUS10914,2836,B
CSUS13313,2838,C
CSUS129446,2843,B
CSUS31638,2841,C
CSUS134045,2844,C
CSAU8764,650,C
CSUS19923,2840,B
CSUS134993,2845,C
CSUS7479,2849,C
CSAU10157,651,B
CSUK16754,862,B
CSUS8177,2851,B
CSUS26554,2856,C
CSCA111418,538,C
CSUS33,2846,B
CSUS183,2847,B
CSUK667,857,C
CSUS11991,2854,C
CSUS6928,2848,C
CSUS16581,2855,C
CSUS8121,2850,B
CSUS41702,2859,B
CSUS34030,2857,B
CSUS8681,2853,C
CSUK16996,892,C
CSAU7738,648,A
CSUK5338,890,B
CSUS81008,2860,B
CSUK21110,893,C
CSUS39507,2858,C
CSUS8294,2852,B
CSUS36498,2871,C
CSAU32837,656,B
CSUS33725,2870,C
CSUS1985,2862,C
CSUS29872,2869,B
CSUS5984,2863,B
CSUS39385,2872,C
CSCA114956,545,B
CSCA113071,541,B
CSUS18065,2867,C
CSUK56,885,C
CSUS9286,2864,B
CSUK13427,1728,B
CSUK5005,889,B
CSUS39791,2873,B
CSUS11705,2865,C
CSUS17223,2866,C
CSUS22098,2868,B
CSUS40100,2874,C
CSUS42071,2875,B
CSUS1844,2861,A
CSUK2949,888,A
CSAU10804,699,B
CSUK645,887,B
CSAU14296,703,B
CSUS34415,2884,B
CSUS3567,2877,C
CSUS1,2876,C
CSUK485,886,B
CSUS38371,2885,B
CSUS7593,2878,C
CSCA112736,540,C
CSAU15650,704,B
CSUS17911,2879,B
CSUS133481,2889,B
CSUS19098,2880,B
CSUS21742,2881,C
CSUS40135,2886,C
CSUS33550,2883,C
CSUS23034,2882,B
CSUS69785,2888,B
CSUK28244,894,B
CSUS147809,2890,C
CSUK8298,891,C
CSUS40540,2887,C
CSUS5277,2897,C
CSUS39456,2905,C
CSUS26844,2903,C
CSUS19062,2902,B
CSUS1897,2895,C
CSUS177,2891,B
CSUK12637,919,C
CSCA111440,539,C
CSUK12381,918,B
CSUS7893,2900,C
CSUK434,916,B
CSUS5946,2899,B
CSUS1655,2894,C
CSUS8646,2901,B
CSUS4168,2896,C
CSUS27292,2904,C
CSUK42656,923,C
CSUS501,2892,C
CSUS5496,2898,B
CSUS1328,2893,C
CSUS1791,2906,B
CSUS8078,2908,C
CSUS19461,2914,C
CSUS12886,2911,C
CSUS18506,2912,B
CSUS66524,2918,C
CSUS88769,2919,B
CSUS116408,2920,C
CSUK188,915,C
CSUS10674,2909,B
CSAU10810,700,B
CSUS19427,2913,B
CSUS116675,3454,B
CSUS2010,2907,B
CSAU9612,698,B
CSUS33269,2917,C
CSUS45848,3453,C
CSUK50717,924,B
CSUS10780,2910,C
CSUK1768,917,B
CSUS25421,2916,B
CSUS20373,2915,C
CSUS104,2921,B
CSUS5789,2925,B
CSUK17269,921,C
CSUS40064,2935,B
CSUS37836,2934,B
CSUS16190,2928,C
CSUS23184,2930,C
CSUS27131,2932,B
CSUK16542,1740,B
CSUK17257,920,C
CSUK18309,922,C
CSUK8694,947,C
CSUS262,2923,C
CSUS6203,2926,B
CSUS11800,2927,C
CSUS18237,2929,C
CSUS26463,2931,C
CSUK29234,951,A
CSUS35501,2933,A
CSUK9981,948,B
CSUS186,2922,C
CSAU7769,695,B
CSUS1989,2924,C
CSUS39915,2949,B
CSUS13960,2944,B
CSUS116681,2950,C
CSUK10831,949,C
CSUS30960,2947,B
CSUS1973,2938,B
CSUS12162,2941,B
CSUK1447,942,C
CSUS29935,2946,C
CSUK7949,946,B
CSUS12474,2942,B
CSUS3489,2939,B
CSUS35730,2948,C
CSAU9037,697,C
CSUS12834,2943,C
CSUS18899,2945,C
CSUK4802,944,C
CSUK4817,945,B
CSUS6249,2940,C
CSUS1151,2936,C
CSUS1178,2937,C
CSUS37784,2964,B
CSUS17964,2959,C
CSUS31892,2962,B
CSUS29592,2961,B
CSUS2415,2952,C
CSAU8348,696,B
CSUS17597,2958,B
CSUS37744,2963,B
CSUS8077,2954,B
CSAU14273,702,B
CSUS153,2951,C
CSUS12015,2956,B
CSUK13804,950,B
CSUS7849,2953,B
CSUS27913,2960,C
CSUS52697,2965,B
CSUS12689,2957,B
CSUS9606,2955,B
CSUS7406,2970,B
CSUS34610,2978,B
CSUS32824,2977,C
CSUS95,2966,B
CSUS11547,2971,C
CSUK1540,943,C
CSUK37679,971,C
CSUK1787,963,B
CSUS88766,2980,B
CSUS5210,2968,B
CSUS3359,2967,C
CSUS7390,2969,C
CSUS11999,2972,B
CSUS17535,2973,C
CSUS38123,2979,C
CSUS22184,2974,C
CSUS23539,2975,B
CSUS23891,2976,C
CSUS39123,2990,C
CSUS36620,2988,C
CSUS32699,2985,B
CSUS34196,2987,C
CSUS78755,2992,C
CSUS114566,2993,C
CSAU14060,701,B
CSCA113656,542,C
CSUS33407,2986,B
CSUK7063,966,B
CSUS54467,2991,A
CSUS8564,2982,A
CSUS37393,2989,A
CSUS22357,2984,A
CSUS8106,2981,B
CSUK18042,968,B
CSUS9796,2983,B
CSUS147518,2995,B
CSUS123620,2994,B
CSUS43073,3008,C
CSUS23787,3006,C
CSUS53360,3009,B
CSUS2380,2999,B
CSUS20325,3005,C
CSUS55052,3010,B
CSUS164,2996,B
CSUS11790,3003,C
CSUS36434,3007,C
CSUK15785,967,B
CSUK28367,969,C
CSUK2534,965,B
CSUK553,962,B
CSUK2012,964,C
CSUK33221,970,B
CSUK11730,989,C
CSUS1828,2997,C
CSUS2038,2998,C
CSUS4449,3000,B
CSUS6612,3001,B
CSUS9626,3002,B
CSUS12560,3004,B
CSUS121517,3025,C
CSUS16003,3015,C
CSUS18596,3016,B
CSUS23581,3018,B
CSUS26588,3019,C
CSUS31112,3020,C
CSUS78287,3024,B
CSUS32705,3021,C
CSUS77303,3023,A
CSUK940,984,A
CSUS15325,3014,B
CSAU13390,729,B
CSUS6862,3013,B
CSUS3973,3012,B
CSUK1909,985,B
CSUS3491,3011,B
CSUK3846,986,C
CSUS19499,3017,C
CSUS36964,3022,C
CSUS63317,3039,B
CSUS5826,3028,B
CSUS12725,3034,B
CSUS25073,3036,C
CSUS106826,3040,C
CSUS6661,3030,B
CSCA114733,544,C
CSUS8190,3031,B
CSUK7403,987,B
CSUS27849,3037,B
CSUK9305,988,C
CSUK286,982,B
CSUK554,983,C
CSUK24233,990,B
CSUK31994,991,B
CSUK5219,997,C
CSUS6189,3029,B
CSUS1542,3026,C
CSUS2083,3027,B
CSUS36669,3038,B
CSUS10845,3032,B
CSUS11915,3033,C
CSUS18831,3035,B
CSUS24622,3048,C
CSUS29300,3049,C
CSAU7271,726,C
CSCA111057,579,B
CSUS148022,3055,C
CSUK2477,992,C
CSUS35581,3052,B
CSUS20329,3047,B
CSUK3974,995,B
CSUS37533,3053,B
CSUS3899,3041,C
CSUK4735,996,C
CSUS4270,3042,C
CSAU15827,733,C
CSUS11039,3044,B
CSUS35447,3051,C
CSUS15270,3046,C
CSCA115106,584,B
CSUS32111,3050,C
CSUS83816,3054,B
CSUK2692,993,C
CSUS7216,3043,B
CSUS11088,3045,C
CSUS3000,3057,C
CSUS35330,3066,C
CSUK13972,1000,C
CSUK15369,1001,C
CSUK2911,994,B
CSUK6006,998,C
CSUS38832,3070,C
CSUS2964,3056,C
CSUS18117,3061,C
CSUS12971,3059,C
CSUS16404,3060,C
CSUS37094,3069,C
CSUS36512,3067,B
CSUS33173,3064,B
CSUS36748,3068,C
CSUS7240,3058,C
CSUS33763,3065,C
CSUS30308,3063,C
CSUS19466,3062,C
CSUS5712,3075,C
CSAU14188,730,B
CSUS7684,3077,B
CSUK9380,999,B
CSAU7731,727,B
CSUS25355,3081,C
CSUS23396,3080,C
CSUS147521,3085,B
CSUS87743,3084,C
CSUS32832,3082,C
CSUK2419,1005,C
CSUS8284,3078,C
CSUS21532,3079,C
CSUK12495,1008,B
CSUK3416,1006,C
CSUS7,3444,B
CSUS383,3071,B
CSUS889,3072,B
CSUS3438,3074,B
CSUS1181,3073,B
CSUS6297,3076,B
CSUS35047,3083,B
CSUS17271,3090,C
CSUS19957,3091,B
CSUS116678,3097,C
CSUS8099,3086,C
CSUS10145,3087,B
CSUS12624,3088,B
CSUS37005,3095,C
CSUS37472,3096,C
CSUS129467,3098,B
CSUS23303,3092,C
CSUS131654,3099,C
CSUS147626,3100,B
CSUS29279,3093,A
CSUK9504,1007,A
CSUS32014,3094,A
CSUS15074,3089,B
CSUS37757,3114,C
CSUK1331,1004,C
CSUS8874,3105,C
CSUS1190,3102,B
CSUS23461,3113,C
CSUK19099,1009,C
CSUS17553,3108,B
CSUS64,3101,C
CSUK21896,1010,B
CSUS20822,3112,B
CSUK45035,1011,C
CSUS9327,3106,C
CSUS67424,3115,C
CSUS20057,3111,C
CSUS18772,3109,B
CSUK1010,1003,B
CSUK362,1002,B
CSUK1550,1025,B
CSUK15174,1029,C
CSUK15344,1030,C
CSUK45140,1031,B
CSUK2141,1026,B
CSUK7814,1739,B
CSUK462,1023,B
CSUS16848,3107,B
CSUS5986,3103,B
CSUS18988,3110,B
CSUS8137,3104,B
CSUS39736,3127,B
CSUS9921,3117,C
CSUS11018,3119,C
CSUS12078,3120,C
CSUS12928,3121,C
CSUS21780,3451,B
CSUS26750,3125,B
CSUS29565,3126,B
CSUS88613,3130,C
CSUS70217,3128,C
CSUS88145,3129,C
CSAU7071,725,B
CSAU14981,732,C
CSAU14236,731,B
CSAU18701,734,C
CSCA110279,578,B
CSCA114957,582,C
CSCA114965,583,B
CSUS20249,3124,B
CSUS5379,3116,B
CSUS19314,3123,A
CSAU8669,728,B
CSUS10166,3118,C
CSUS17816,3122,C
CSAU11603,761,C
CSUS317,3132,C
CSUS12765,3139,B
CSUS1240,3135,B
CSUS590,3133,B
CSUK8780,1028,C
CSUS19488,3143,B
CSUK7896,1027,C
CSUS14218,3140,C
CSUS90002,3145,C
CSUS5401,3137,C
CSUS18451,3141,B
CSUS36454,3144,B
CSUS4552,3136,C
CSUS18476,3142,B
CSUK41,1022,B
CSUK811,1024,B
CSUK1417,1043,B
CSUK1433,1044,B
CSUK3050,1045,B
CSUK4663,1046,B
CSUK13373,1049,C
CSUK17178,1050,B
CSUS30,3131,B
CSUS6345,3138,C
CSUS708,3134,C
CSUS38536,3171,B
CSUS1087,3146,C
CSUS1146,3147,C
CSUS3453,3150,B
CSUS1525,3148,C
CSUS1789,3149,B
CSUS12199,3157,C
CSUS6113,3154,C
CSUS5894,3153,B
CSUS7712,3155,C
CSUS4336,3151,B
CSUS4848,3152,B
CSUS9742,3156,B
CSUS13605,3164,C
CSUS12523,3158,C
CSUS13410,3163,C
CSUS16618,3166,C
CSUS41016,3172,C
CSUS10103,3161,C
CSUS32865,3169,B
CSUS66368,3173,C
CSAU14352,762,B
CSAU16184,764,B
CSUS13963,3165,C
CSUS10893,3162,B
CSAU14609,763,B
CSUS17881,3167,C
CSUK1141,1042,B
CSUS6640,3160,B
CSUS963,3159,A
CSUS24640,3168,B
CSUS36574,3170,B
CSAU11127,760,C
CSUS20804,3187,C
CSUS15431,3182,C
CSAU7574,755,C
CSUS40070,3188,C
CSUS19246,3185,C
CSUK12278,1048,C
CSUS2605,3177,B
CSAU10244,757,C
CSUS403,3174,B
CSUS13010,3181,B
CSUS16846,3184,B
CSUK6980,1047,C
CSUK39349,1051,C
CSUS1768,3176,C
CSUK3414,1067,C
CSCA116825,586,C
CSUS16570,3183,C
CSUK1733,1064,C
CSUK16232,1069,B
CSUK15355,1068,B
CSUK16532,1070,B
CSUK2302,1065,B
CSUK3290,1066,C
CSUK16712,1071,C
CSUK447,1062,C
CSUS595,3175,B
CSUS19272,3186,B
CSUS2638,3178,B
CSUS6679,3179,B
CSUS9764,3180,B
CSUS11211,3190,B
CSUS11473,3191,B
CSUS12862,3193,B
CSUS15327,3194,C
CSUS15903,3195,C
CSUS38136,3202,C
CSUS88616,3203,B
CSAU7846,756,C
CSAU10555,758,C
CSAU10947,759,C
CSAU14391,791,B
CSAU14935,792,C
CSAU14378,790,B
CSCA112528,581,B
CSUS29657,3199,C
CSUS22372,3198,C
CSUS6648,3189,B
CSUS18060,3196,B
CSUK1361,1063,B
CSUS12643,3192,B
CSUS22055,3197,C
CSUS34421,3201,C
CSUS34260,3200,C
CSUS4570,3207,B
CSUS27130,3213,C
CSUK1484,1087,B
CSUK859,1085,B
CSUS9735,3210,B
CSUS91,3204,B
CSUS52709,3217,C
CSUS473,3205,C
CSUS37337,3214,C
CSCA110057,577,B
CSUS55868,3218,B
CSUS16010,3212,B
CSAU31016,794,B
CSUS1095,3206,C
CSUS7756,3209,B
CSUS12279,3211,B
CSUS40484,3216,B
CSUS39158,3215,B
CSUS5446,3208,B
CSUK8061,1090,C
CSUK488,1082,C
CSUK515,1083,B
CSUK830,1084,C
CSUK1204,1086,C
CSUK1703,1088,B
CSUK1737,1089,C
CSUK13271,1091,C
CSUK13587,1105,C
CSUK49970,1111,B
CSUK17865,1106,B
CSUK18201,1107,B
CSUK19091,1108,C
CSUK29507,1109,C
CSUK40295,1110,B
CSUK3720,1102,C
CSUK4017,1103,C
CSUK5143,1104,B
CSUK9148,1128,C
CSUK8864,1127,C
CSUK17621,1130,B
CSUS192,3219,B
CSUS4045,3222,B
CSUS3808,3221,C
CSUS1130,3220,C
CSUS16843,3231,B
CSUS17714,3232,B
CSUS44834,3233,C
CSUS4969,3223,C
CSUS6668,3224,B
CSUS7867,3225,B
CSUS8012,3226,C
CSUS8694,3227,B
CSUS10852,3228,C
CSUS11344,3229,B
CSUS12173,3230,C
CSUS13177,3236,B
CSUS14476,3237,C
CSUS17844,3238,C
CSUS53504,3245,B
CSUS25563,3240,B
CSUS19602,3239,C
CSUS7585,3234,C
CSUS89663,3246,C
CSUS27022,3241,C
CSUS30378,3242,B
CSUS37743,3244,C
CSUS35769,3243,C
CSUS112235,3248,C
CSUS110441,3247,B
CSAU7408,786,C
CSAU15878,793,B
CSAU8073,787,B
CSAU10476,788,B
CSAU13439,789,B
CSCA115280,585,C
CSUK1285,1124,C
CSUK1199,1123,B
CSUS7808,3235,C
CSUS5639,3252,B
CSUK50753,1131,C
CSCA112447,580,C
CSAU7064,785,C
CSCA114691,623,C
CSUS20458,3259,C
CSUS1385,3249,A
CSUK6265,1126,A
CSUS17953,3256,C
CSCA115132,624,C
CSUS17210,3255,C
CSUK2880,1125,C
CSUS20858,3261,B
CSUS6310,3253,B
CSUK11626,1129,B
CSAU9469,819,C
CSUS19068,3257,C
CSCA114107,622,B
CSUS9757,3254,C
CSUS19386,3258,B
CSUS29438,3262,B
CSUS132875,3263,B
CSUK127,1122,B
CSUK3348,1147,C
CSUK18876,1149,C
CSUK17026,1148,B
CSUK813,1144,C
CSUS20705,3260,B
CSAU6958,815,C
CSUK959,1145,B
CSUK49112,1151,B
CSUK529,1142,C
CSUK625,1143,C
CSUK22940,1150,C
CSUK1512,1146,B
CSUK1720,1162,C
CSUK15485,1167,B
CSUK16163,1168,B
CSUK20068,1169,B
CSUK30611,1170,C
CSUK30758,1171,C
CSUK1954,1163,C
CSUK2130,1164,B
CSUK3663,1165,C
CSUK3847,1166,C
CSUK4689,1183,C
CSUK4786,1184,B
CSUK7825,1187,B
CSUK7226,1186,C
CSUS3504,3250,C
CSUS3745,3251,B
CSUS3557,3265,B
CSUS143009,3278,C
CSUS3323,3264,C
CSUS8710,3266,B
CSUS8774,3267,C
CSUS9127,3268,B
CSUS9709,3269,B
CSUS9740,3270,C
CSUS9788,3271,B
CSUS81116,3277,C
CSUS10455,3272,C
CSUS10912,3273,C
CSUS34950,3276,B
CSUS14695,3274,C
CSUS17526,3275,B
CSUS18228,3282,C
CSUS4588,3279,B
CSUS20382,3283,C
CSUS21107,3284,B
CSUS34781,3290,C
CSUS29579,3288,B
CSUS25734,3286,C
CSUS28307,3287,B
CSUS33193,3289,C
CSUS35897,3291,B
CSUS36215,3292,B
CSAU9390,818,C
CSAU15479,823,C
CSCA115898,626,C
CSUS5700,3280,B
CSUS15657,3281,C
CSCA113297,621,C
CSUS25679,3285,B
CSUS125339,3293,C
CSUK13996,1188,B
CSUS11859,3300,A
CSUS31077,3305,B
CSUS5028,3296,B
CSUS147368,3308,B
CSUS40667,3307,C
CSUS21856,3304,C
CSUS33449,3306,C
CSUS15957,3303,B
CSUS9835,3299,B
CSUS4000,3295,C
CSUK707,1182,B
CSUS11931,3301,C
CSUS2498,3294,C
CSUS6974,3298,B
CSUS6443,3297,B
CSUK18712,1190,B
CSUK5403,1185,C
CSUS15049,3302,B
CSAU13382,820,C
CSUK40961,1191,C
CSUS8590,3320,C
CSUK16229,1189,B
CSUS17229,3321,C
CSUS24182,3322,C
CSUS6933,3318,B
CSUS85538,3323,B
CSUS281,3310,B
CSUK7738,1210,B
CSUK273,1202,B
CSUK487,1203,C
CSUK516,1204,C
CSUK545,1205,C
CSUK1216,1206,C
CSUK1275,1207,B
CSUK1413,1208,B
CSUK1705,1209,B
CSUK13796,1211,B
CSUK42764,1230,C
CSUK12552,1752,B
CSUK17074,1227,B
CSUK15343,1224,C
CSUK25439,1228,B
CSUS3826,3316,B
CSUK16308,1226,C
CSUK40427,1229,B
CSUK45266,1231,C
CSUK15888,1225,B
CSUK3463,1222,B
CSUK4641,1223,C
CSUK4933,1242,C
CSUK5327,1243,B
CSUK5331,1244,B
CSUK6541,1245,C
CSUK8470,1246,B
CSUK8921,1247,B
CSUK8939,1248,C
CSUK8987,1249,C
CSUK9544,1250,C
CSUK16818,1251,C
CSUK16335,1270,C
CSUK16484,1271,C
CSUS112,3309,C
CSUS3589,3315,C
CSUS440,3311,B
CSUS1740,3312,B
CSUS1765,3313,B
CSUS2595,3314,B
CSUS5002,3317,C
CSUS119555,3456,B
CSUS7168,3319,B
CSUS8135,3324,C
CSUS11900,3330,C
CSUS9744,3325,B
CSUS9897,3326,B
CSUS10353,3327,C
CSUS10779,3328,C
CSUS11124,3329,B
CSUS12376,3331,C
CSUS13246,3332,C
CSUS15038,3333,C
CSUS15240,3334,C
CSUS15624,3335,B
CSUS16177,3336,B
CSUS19031,3337,B
CSUS20100,3338,C
CSUS19486,3340,C
CSUS20646,3341,B
CSUS21480,3343,B
CSUS21734,3344,B
CSUS27896,3346,C
CSUS33459,3349,C
CSUS40966,3352,B
CSUS36722,3350,B
CSAU7059,816,C
CSAU7984,817,C
CSAU14773,822,B
CSAU13774,821,C
CSAU24548,824,C
CSAU13959,850,B
CSCA110194,617,B
CSCA110289,618,C
CSCA115158,625,B
CSUS21746,3345,C
CSUS37222,3351,B
CSUS11368,3339,B
CSUS21167,3342,B
CSUS31165,3348,B
CSUS147743,3353,B
CSUS28464,3347,B
CSUS34620,3364,B
CSUK2791,1267,C
CSUS41339,3367,C
CSUS24204,3363,B
CSAU15614,853,B
CSUK12556,1268,C
CSUK15963,1269,B
CSUS34927,3365,B
CSUK2404,1266,C
CSUS40122,3366,B
CSUS18264,3362,C
CSUK294,1263,C
CSCA110775,620,B
CSUK95,1262,C
CSUK937,1264,C
CSUK1013,1265,B
CSUK193,1282,C
CSUK240,1283,C
CSUK291,1284,B
CSUK319,1285,C
CSUK408,1286,B
CSUK800,1287,C
CSUK850,1288,B
CSUK1271,1289,B
CSUK15448,1290,B
CSUK15982,1291,C
CSUK2058,1306,C
CSUK38120,1310,B
CSUK38600,1311,B
CSUK1820,1302,C
CSUK1824,1303,B
CSUK1826,1304,B
CSUK1985,1305,B
CSUK2123,1751,C
CSUK2685,1307,B
CSUK17414,1309,C
CSUK2819,1308,B
CSUK7702,1329,B
CSUK3628,1322,B
CSUK7272,1327,C
CSUK3931,1323,B
CSUK3955,1324,B
CSUK7498,1328,C
CSUK6499,1326,C
CSUK4332,1325,B
CSUK5052,1763,C
CSUK7780,1330,B
CSUK44183,1331,C
CSUK22181,1350,B
CSUK7987,1342,B
CSUK9043,1346,B
CSUK42884,1351,C
CSUK17608,1349,C
CSUK8486,1343,C
CSUK8591,1344,C
CSUK9012,1345,C
CSUK9199,1347,C
CSUK9463,1348,C
CSUK10489,1366,C
CSUK10984,1764,B
CSUK20588,1371,B
CSUK11400,1367,B
CSUK11654,1368,B
CSUK2008,1362,B
CSUS182,3354,C
CSUS117779,3368,B
CSUS17143,3361,B
CSUS2721,3355,B
CSUS2769,3356,B
CSUS3147,3357,B
CSUS4171,3358,B
CSUS5376,3359,B
CSUS5663,3360,C
CSUS6412,3369,C
CSUS7242,3370,B
CSUS16739,3448,B
CSUS8233,3371,C
CSUS8490,3372,B
CSUS9010,3373,C
CSUS17136,3380,C
CSUS9829,3374,C
CSUS10034,3375,C
CSUS12120,3376,B
CSUS14844,3377,C
CSUS41303,3382,C
CSUS15902,3378,B
CSUS147587,3383,C
CSUS16205,3379,C
CSUS19029,3381,B
CSUS20541,3385,C
CSUS146975,3397,C
CSUS22158,3386,C
CSUS23622,3387,C
CSUS51848,3392,B
CSUS36802,3391,B
CSUS34763,3388,B
CSUS92423,3394,C
CSUS35845,3389,C
CSUS36219,3390,B
CSUS62045,3393,C
CSUS111422,3395,B
CSUS114803,3396,B
CSAU6979,845,C
CSAU7049,846,B
CSAU9103,847,B
CSAU10834,848,B
CSAU14925,851,C
CSAU15608,852,B
CSAU31550,854,B
CSCA110654,619,B
CSCA115895,663,C
CSCA114000,662,C
CSUK4643,1364,B
CSUK7350,1365,B
CSUS15613,3384,B
CSUS147494,3398,B
CSUK2808,1363,B
CSUS24248,3409,C
CSUK19816,1370,B
CSUS20785,3408,C
CSUK11848,1369,B
CSAU11269,849,B
CSUS10506,3406,B
CSAU36746,884,B
CSUK50891,1391,B
CSUK5123,1389,C
CSUS40826,3413,C
CSUS37261,3412,C
CSUK2403,1388,C
CSUK1621,1385,B
CSUK2206,1387,B
CSUK8930,1390,B
CSUS31595,3410,C
CSUK17,1382,C
CSUK40,1383,B
CSUK1914,1386,C
CSUK121,1384,B
CSUK137,1402,B
CSUK221,1406,C
CSUK222,1407,C
CSUK165,1403,B
CSUK171,1404,B
CSUK209,1405,B
CSUK244,1408,C
CSUK6890,1411,B
CSUK317,1409,B
CSUK327,1410,B
CSUK329,1422,C
CSUK436,1423,B
CSUK452,1424,B
CSUK508,1425,C
CSUK555,1426,C
CSUK664,1427,C
CSUK1605,1431,C
CSUK735,1428,B
CSUK794,1429,B
CSUK795,1430,C
CSUK3858,1446,B
CSUK1122,1442,C
CSUK1366,1443,C
CSUK1551,1444,B
CSUK1697,1445,C
CSUK17056,1449,C
CSUK18028,1450,B
CSUK12479,1447,C
CSUK16048,1448,B
CSUK25061,1451,C
CSUK13369,1463,C
CSUK16311,1466,B
CSUK13497,1464,B
CSUK13774,1465,C
CSUK16881,1469,B
CSUK19819,1470,B
CSUK25328,1471,B
CSUK4100,1462,C
CSUK16412,1467,C
CSUK16688,1468,B
CSUK17618,1482,B
CSUK20845,1483,C
CSUK27716,1484,B
CSUK27914,1485,B
CSUK28505,1486,C
CSUK30236,1487,C
CSUK44825,1491,C
CSUK36263,1488,C
CSUK39005,1489,B
CSUK39026,1490,B
CSUK40325,1508,B
CSUK41219,1509,B
CSUK43376,1510,B
CSUK43628,1511,B
CSUK1843,1502,B
CSUK1894,1503,B
CSUK1898,1504,B
CSUK2021,1505,B
CSUK2086,1506,C
CSUK2136,1507,B
CSUK2178,1522,B
CSUK2243,1523,C
CSUK2299,1524,C
CSUK2407,1525,B
CSUK2448,1526,B
CSUK2475,1527,B
CSUK13119,1531,C
CSUK2761,1528,B
CSUK2773,1529,C
CSUK2869,1530,B
CSUK2903,1542,B
CSUK2929,1543,C
CSUK3238,1544,B
CSUK3918,1545,B
CSUK14038,1551,B
CSUK3937,1546,B
CSUK7504,1549,C
CSUK4163,1547,C
CSUK11316,1550,C
CSUK4339,1548,C
CSUK4859,1562,B
CSUK4881,1563,B
CSUK4892,1564,C
CSUK5065,1565,B
CSUK5341,1566,B
CSUK5583,1567,C
CSUK5608,1568,B
CSUK5867,1569,B
CSUK5883,1570,B
CSUK5955,1571,C
CSUK5988,1582,B
CSUK6111,1583,C
CSUK6310,1584,C
CSUK16243,1591,B
CSUK6600,1585,C
CSUK7007,1586,C
CSUK7105,1587,C
CSUK7351,1588,C
CSUK7375,1589,B
CSUK7392,1590,C
CSUK7426,1605,B
CSUK16579,1611,C
CSUK7912,1606,B
CSUK8272,1607,C
CSUK53,1602,B
CSUK2827,1603,B
CSUK4269,1604,C
CSUK8446,1608,C
CSUK8472,1609,C
CSUK8592,1610,C
CSUK9369,1625,B
CSUK8705,1623,C
CSUK9415,1626,C
CSUK19712,1631,C
CSUK9223,1624,C
CSUK10508,1775,C
CSUK10515,1627,B
CSUK11439,1628,B
CSUK11850,1629,B
CSUK1570,1622,C
CSUK16713,1630,C
CSUK19245,1650,C
CSUS3003,3402,C
CSUS770,3399,C
CSUS3475,3403,B
CSUS1028,3400,B
CSUS4038,3404,C
CSUS1414,3401,C
CSUS14122,3407,C
CSUS5985,3405,C
CSUS35915,3411,C
CSUS5939,3416,B
CSUS2677,3414,C
CSUS4296,3415,B
CSUS16685,3423,C
CSUS7438,3417,B
CSUS9958,3419,B
CSUS10357,3420,C
CSUS10465,3421,B
CSUS13460,3422,C
CSUS19651,3424,C
CSUS23726,3425,B
CSUS30814,3426,B
CSUS57563,3427,C
CSUS112622,3428,B
CSAU6925,875,C
CSAU7042,876,B
CSAU19811,883,C
CSAU7349,877,B
CSAU7690,878,B
CSAU9063,880,B
CSAU7938,879,C
CSAU14795,882,B
CSAU12469,881,B
CSAU9253,906,B
CSAU9263,907,C
CSAU9717,908,B
CSAU14213,912,B
CSAU24545,914,B
CSAU14613,913,B
CSAU11805,909,C
CSAU6919,905,C
CSAU13434,911,B
CSAU12123,910,B
CSAU12373,936,B
CSAU13787,938,B
CSAU14457,939,B
CSCA110377,657,B
CSCA110680,658,B
CSCA110713,659,B
CSCA111313,660,B
CSCA113050,661,B
CSCA115910,664,B
CSUS8613,3418,B
CSUS36655,3439,C
CSUK3956,1646,B
CSUK74,1642,B
CSUK2237,1645,C
CSUK7097,1647,C
CSUK17971,1649,B
CSUS147806,3441,B
CSUK40331,1651,B
CSUK2205,1644,B
CSUK11744,1648,B
CSUK1397,1643,B
CSUK15166,1668,B
CSUK17213,1669,B
CSUK13626,1667,B
CSAU7037,935,C
CSUK3725,1665,B
CSAU33149,941,B
CSUK50810,1670,C
CSUK148,1662,B
CSUK1788,1664,B
CSUK1123,1663,C
CSAU13689,937,B
CSUS149777,3442,B
CSUS150320,3443,C